instability_Index,Sequence
24.71486486486486,KRVPNANQYPRKHANMEAAKKTLNYYWRYEAAKESGRSVYGYEAAKLMGQRKFRYGSGSRKRIDAQHKRGKLTA
24.71486486486486,KRVPNANQYPRKHANMGSGSKTLNYYWRYEAAKESGRSVYGYEAAKLMGQRKFRYGSGSRKRIDAQHKRGKLTA
24.71486486486486,KRVPNANQYPRKHANMGPGPKTLNYYWRYEAAKESGRSVYGYEAAKLMGQRKFRYGSGSRKRIDAQHKRGKLTA
25.733783783783778,KRVPNANQYPRKHANMEAAKKTLNYYWRYEAAKESGRSVYGYGSGSLMGQRKFRYGSGSRKRIDAQHKRGKLTA
25.733783783783778,KRVPNANQYPRKHANMGPGPKTLNYYWRYEAAKESGRSVYGYGSGSLMGQRKFRYGSGSRKRIDAQHKRGKLTA
25.733783783783778,KRVPNANQYPRKHANMEAAKKTLNYYWRYEAAKESGRSVYGYGPGPLMGQRKFRYGSGSRKRIDAQHKRGKLTA
25.733783783783778,KRVPNANQYPRKHANMGPGPKTLNYYWRYEAAKESGRSVYGYGPGPLMGQRKFRYGSGSRKRIDAQHKRGKLTA
25.733783783783778,KRVPNANQYPRKHANMGSGSKTLNYYWRYEAAKESGRSVYGYGPGPLMGQRKFRYGSGSRKRIDAQHKRGKLTA
25.733783783783778,KRVPNANQYPRKHANMGSGSKTLNYYWRYEAAKESGRSVYGYGSGSLMGQRKFRYGSGSRKRIDAQHKRGKLTA
26.568918918918914,KRVPNANQYPRKHANMGPGPKTLNYYWRYEAAKESGRSVYGYEAAKLMGQRKFRYGPGPRKRIDAQHKRGKLTA
26.568918918918914,KRVPNANQYPRKHANMGSGSKTLNYYWRYEAAKESGRSVYGYEAAKLMGQRKFRYGPGPRKRIDAQHKRGKLTA
26.568918918918914,KRVPNANQYPRKHANMEAAKKTLNYYWRYEAAKESGRSVYGYEAAKLMGQRKFRYGPGPRKRIDAQHKRGKLTA
26.93513513513513,KRVPNANQYPRKHANMGPGPKTLNYYWRYGPGPESGRSVYGYEAAKLMGQRKFRYGSGSRKRIDAQHKRGKLTA
26.93513513513513,KRVPNANQYPRKHANMGSGSKTLNYYWRYGPGPESGRSVYGYEAAKLMGQRKFRYGSGSRKRIDAQHKRGKLTA
26.93513513513513,KRVPNANQYPRKHANMEAAKKTLNYYWRYGPGPESGRSVYGYEAAKLMGQRKFRYGSGSRKRIDAQHKRGKLTA
27.189189189189186,KRVPNANQYPRKHANMGSGSKTLNYYWRYGSGSESGRSVYGYEAAKLMGQRKFRYGSGSRKRIDAQHKRGKLTA
27.189189189189186,KRVPNANQYPRKHANMGPGPKTLNYYWRYGSGSESGRSVYGYEAAKLMGQRKFRYGSGSRKRIDAQHKRGKLTA
27.189189189189186,KRVPNANQYPRKHANMEAAKKTLNYYWRYGSGSESGRSVYGYEAAKLMGQRKFRYGSGSRKRIDAQHKRGKLTA
27.58783783783783,KRVPNANQYPRKHANMEAAKKTLNYYWRYEAAKESGRSVYGYGSGSLMGQRKFRYGPGPRKRIDAQHKRGKLTA
27.58783783783783,KRVPNANQYPRKHANMGPGPKTLNYYWRYEAAKESGRSVYGYGSGSLMGQRKFRYGPGPRKRIDAQHKRGKLTA
27.58783783783783,KRVPNANQYPRKHANMEAAKKTLNYYWRYEAAKESGRSVYGYGPGPLMGQRKFRYGPGPRKRIDAQHKRGKLTA
27.58783783783783,KRVPNANQYPRKHANMGPGPKTLNYYWRYEAAKESGRSVYGYGPGPLMGQRKFRYGPGPRKRIDAQHKRGKLTA
27.58783783783783,KRVPNANQYPRKHANMGSGSKTLNYYWRYEAAKESGRSVYGYGPGPLMGQRKFRYGPGPRKRIDAQHKRGKLTA
27.58783783783783,KRVPNANQYPRKHANMGSGSKTLNYYWRYEAAKESGRSVYGYGSGSLMGQRKFRYGPGPRKRIDAQHKRGKLTA
27.95405405405405,KRVPNANQYPRKHANMGSGSKTLNYYWRYGPGPESGRSVYGYGPGPLMGQRKFRYGSGSRKRIDAQHKRGKLTA
27.95405405405405,KRVPNANQYPRKHANMGSGSKTLNYYWRYGPGPESGRSVYGYGSGSLMGQRKFRYGSGSRKRIDAQHKRGKLTA
27.95405405405405,KRVPNANQYPRKHANMEAAKKTLNYYWRYGPGPESGRSVYGYGSGSLMGQRKFRYGSGSRKRIDAQHKRGKLTA
27.95405405405405,KRVPNANQYPRKHANMEAAKKTLNYYWRYGPGPESGRSVYGYGPGPLMGQRKFRYGSGSRKRIDAQHKRGKLTA
27.95405405405405,KRVPNANQYPRKHANMGPGPKTLNYYWRYGPGPESGRSVYGYGPGPLMGQRKFRYGSGSRKRIDAQHKRGKLTA
27.95405405405405,KRVPNANQYPRKHANMGPGPKTLNYYWRYGPGPESGRSVYGYGSGSLMGQRKFRYGSGSRKRIDAQHKRGKLTA
28.049999999999997,KRVPNANQYPRKHANMEAAKKTLNYYWRYEAAKESGRSVYGYEAAKLMGQRKFRYGGGSRKRIDAQHKRGKLTA
28.049999999999997,KRVPNANQYPRKHANMGSGSKTLNYYWRYEAAKESGRSVYGYEAAKLMGQRKFRYGGGSRKRIDAQHKRGKLTA
28.049999999999997,KRVPNANQYPRKHANMGPGPKTLNYYWRYEAAKESGRSVYGYEAAKLMGQRKFRYGGGSRKRIDAQHKRGKLTA
28.208108108108103,KRVPNANQYPRKHANMGPGPKTLNYYWRYGSGSESGRSVYGYGSGSLMGQRKFRYGSGSRKRIDAQHKRGKLTA
28.208108108108103,KRVPNANQYPRKHANMGSGSKTLNYYWRYGSGSESGRSVYGYGSGSLMGQRKFRYGSGSRKRIDAQHKRGKLTA
28.208108108108103,KRVPNANQYPRKHANMGSGSKTLNYYWRYGSGSESGRSVYGYGPGPLMGQRKFRYGSGSRKRIDAQHKRGKLTA
28.208108108108103,KRVPNANQYPRKHANMEAAKKTLNYYWRYGSGSESGRSVYGYGSGSLMGQRKFRYGSGSRKRIDAQHKRGKLTA
28.208108108108103,KRVPNANQYPRKHANMGPGPKTLNYYWRYGSGSESGRSVYGYGPGPLMGQRKFRYGSGSRKRIDAQHKRGKLTA
28.208108108108103,KRVPNANQYPRKHANMEAAKKTLNYYWRYGSGSESGRSVYGYGPGPLMGQRKFRYGSGSRKRIDAQHKRGKLTA
28.789189189189187,KRVPNANQYPRKHANMGSGSKTLNYYWRYGPGPESGRSVYGYEAAKLMGQRKFRYGPGPRKRIDAQHKRGKLTA
28.789189189189187,KRVPNANQYPRKHANMGPGPKTLNYYWRYGPGPESGRSVYGYEAAKLMGQRKFRYGPGPRKRIDAQHKRGKLTA
28.789189189189187,KRVPNANQYPRKHANMEAAKKTLNYYWRYGPGPESGRSVYGYEAAKLMGQRKFRYGPGPRKRIDAQHKRGKLTA
29.04324324324324,KRVPNANQYPRKHANMEAAKKTLNYYWRYGSGSESGRSVYGYEAAKLMGQRKFRYGPGPRKRIDAQHKRGKLTA
29.04324324324324,KRVPNANQYPRKHANMGPGPKTLNYYWRYGSGSESGRSVYGYEAAKLMGQRKFRYGPGPRKRIDAQHKRGKLTA
29.04324324324324,KRVPNANQYPRKHANMGSGSKTLNYYWRYGSGSESGRSVYGYEAAKLMGQRKFRYGPGPRKRIDAQHKRGKLTA
29.068918918918914,KRVPNANQYPRKHANMGPGPKTLNYYWRYEAAKESGRSVYGYGPGPLMGQRKFRYGGGSRKRIDAQHKRGKLTA
29.068918918918914,KRVPNANQYPRKHANMGSGSKTLNYYWRYEAAKESGRSVYGYGPGPLMGQRKFRYGGGSRKRIDAQHKRGKLTA
29.068918918918914,KRVPNANQYPRKHANMEAAKKTLNYYWRYEAAKESGRSVYGYGPGPLMGQRKFRYGGGSRKRIDAQHKRGKLTA
29.068918918918914,KRVPNANQYPRKHANMGPGPKTLNYYWRYEAAKESGRSVYGYGSGSLMGQRKFRYGGGSRKRIDAQHKRGKLTA
29.068918918918914,KRVPNANQYPRKHANMEAAKKTLNYYWRYEAAKESGRSVYGYGSGSLMGQRKFRYGGGSRKRIDAQHKRGKLTA
29.068918918918914,KRVPNANQYPRKHANMGSGSKTLNYYWRYEAAKESGRSVYGYGSGSLMGQRKFRYGGGSRKRIDAQHKRGKLTA
29.808108108108105,KRVPNANQYPRKHANMGPGPKTLNYYWRYGPGPESGRSVYGYGPGPLMGQRKFRYGPGPRKRIDAQHKRGKLTA
29.808108108108105,KRVPNANQYPRKHANMGPGPKTLNYYWRYGPGPESGRSVYGYGSGSLMGQRKFRYGPGPRKRIDAQHKRGKLTA
29.808108108108105,KRVPNANQYPRKHANMGSGSKTLNYYWRYGPGPESGRSVYGYGSGSLMGQRKFRYGPGPRKRIDAQHKRGKLTA
29.808108108108105,KRVPNANQYPRKHANMEAAKKTLNYYWRYGPGPESGRSVYGYGSGSLMGQRKFRYGPGPRKRIDAQHKRGKLTA
29.808108108108105,KRVPNANQYPRKHANMEAAKKTLNYYWRYGPGPESGRSVYGYGPGPLMGQRKFRYGPGPRKRIDAQHKRGKLTA
29.808108108108105,KRVPNANQYPRKHANMGSGSKTLNYYWRYGPGPESGRSVYGYGPGPLMGQRKFRYGPGPRKRIDAQHKRGKLTA
30.062162162162156,KRVPNANQYPRKHANMGSGSKTLNYYWRYGSGSESGRSVYGYGPGPLMGQRKFRYGPGPRKRIDAQHKRGKLTA
30.062162162162156,KRVPNANQYPRKHANMGPGPKTLNYYWRYGSGSESGRSVYGYGSGSLMGQRKFRYGPGPRKRIDAQHKRGKLTA
30.062162162162156,KRVPNANQYPRKHANMEAAKKTLNYYWRYGSGSESGRSVYGYGPGPLMGQRKFRYGPGPRKRIDAQHKRGKLTA
30.062162162162156,KRVPNANQYPRKHANMGPGPKTLNYYWRYGSGSESGRSVYGYGPGPLMGQRKFRYGPGPRKRIDAQHKRGKLTA
30.062162162162156,KRVPNANQYPRKHANMEAAKKTLNYYWRYGSGSESGRSVYGYGSGSLMGQRKFRYGPGPRKRIDAQHKRGKLTA
30.062162162162156,KRVPNANQYPRKHANMGSGSKTLNYYWRYGSGSESGRSVYGYGSGSLMGQRKFRYGPGPRKRIDAQHKRGKLTA
30.270270270270267,KRVPNANQYPRKHANMGSGSKTLNYYWRYGPGPESGRSVYGYEAAKLMGQRKFRYGGGSRKRIDAQHKRGKLTA
30.270270270270267,KRVPNANQYPRKHANMEAAKKTLNYYWRYGPGPESGRSVYGYEAAKLMGQRKFRYGGGSRKRIDAQHKRGKLTA
30.270270270270267,KRVPNANQYPRKHANMGPGPKTLNYYWRYGPGPESGRSVYGYEAAKLMGQRKFRYGGGSRKRIDAQHKRGKLTA
30.524324324324322,KRVPNANQYPRKHANMGPGPKTLNYYWRYGSGSESGRSVYGYEAAKLMGQRKFRYGGGSRKRIDAQHKRGKLTA
30.524324324324322,KRVPNANQYPRKHANMGSGSKTLNYYWRYGSGSESGRSVYGYEAAKLMGQRKFRYGGGSRKRIDAQHKRGKLTA
30.524324324324322,KRVPNANQYPRKHANMEAAKKTLNYYWRYGSGSESGRSVYGYEAAKLMGQRKFRYGGGSRKRIDAQHKRGKLTA
31.289189189189187,KRVPNANQYPRKHANMEAAKKTLNYYWRYGPGPESGRSVYGYGSGSLMGQRKFRYGGGSRKRIDAQHKRGKLTA
31.289189189189187,KRVPNANQYPRKHANMGSGSKTLNYYWRYGPGPESGRSVYGYGSGSLMGQRKFRYGGGSRKRIDAQHKRGKLTA
31.289189189189187,KRVPNANQYPRKHANMGPGPKTLNYYWRYGPGPESGRSVYGYGPGPLMGQRKFRYGGGSRKRIDAQHKRGKLTA
31.289189189189187,KRVPNANQYPRKHANMGPGPKTLNYYWRYGPGPESGRSVYGYGSGSLMGQRKFRYGGGSRKRIDAQHKRGKLTA
31.289189189189187,KRVPNANQYPRKHANMGSGSKTLNYYWRYGPGPESGRSVYGYGPGPLMGQRKFRYGGGSRKRIDAQHKRGKLTA
31.289189189189187,KRVPNANQYPRKHANMEAAKKTLNYYWRYGPGPESGRSVYGYGPGPLMGQRKFRYGGGSRKRIDAQHKRGKLTA
31.54324324324324,KRVPNANQYPRKHANMGSGSKTLNYYWRYGSGSESGRSVYGYGPGPLMGQRKFRYGGGSRKRIDAQHKRGKLTA
31.54324324324324,KRVPNANQYPRKHANMEAAKKTLNYYWRYGSGSESGRSVYGYGSGSLMGQRKFRYGGGSRKRIDAQHKRGKLTA
31.54324324324324,KRVPNANQYPRKHANMGSGSKTLNYYWRYGSGSESGRSVYGYGSGSLMGQRKFRYGGGSRKRIDAQHKRGKLTA
31.54324324324324,KRVPNANQYPRKHANMGPGPKTLNYYWRYGSGSESGRSVYGYGSGSLMGQRKFRYGGGSRKRIDAQHKRGKLTA
31.54324324324324,KRVPNANQYPRKHANMEAAKKTLNYYWRYGSGSESGRSVYGYGPGPLMGQRKFRYGGGSRKRIDAQHKRGKLTA
31.54324324324324,KRVPNANQYPRKHANMGPGPKTLNYYWRYGSGSESGRSVYGYGPGPLMGQRKFRYGGGSRKRIDAQHKRGKLTA
